QUADNAME,TAG,STEMTAG,SPCODE,QX,QY,DBH,BDS.2021,PIECE.2021,INTEGRITY.2021,DECAYCLASS.2021,GC.2021,HEIGHT.2021,TOPDIAM.2021,DBH.2021,LENGTH,ANGLE,DIRECTION,HOM,CODES.2019,PX,PY
113,10114,10114,FRPE,3.2,6.5,14.5,,,,,,,,,,,,1.3,DS,3.2,26.5
113,11140,11140,FRPE,0.4,1.8,24.3,,,,,,,,,,,,1.3,DS;L,0.4,21.8
114,10116,10116,FRPE,3,2.8,15.8,,,,,,,,,,,,1.3,DS,3,32.8
114,10118,10118,FRPE,3,2.8,16.5,,,,,,,,,,,,1.3,DS,3,32.8
115,10135,10135,UNKN,10,6,74.8,,,,,,,,,,,,1.3,DS;X;MT,10,46
121,10003,10003,FRPE,5.6,7.1,21.4,,,,,,,,,,,,1.3,DS,15.6,7.1
122,10006,10006,ACRU,4.5,9.2,11.5,,,,,,,,,,,,1.3,DS;CWD,14.5,19.2
122,10291,10291,FRPE,6.4,1.5,34.1,,,,,,,,,,,,1.3,DS,16.4,11.5
122,10292,10292,FRPE,9.2,1.1,37.1,,,,,,,,,,,,1.3,DS,19.2,11.1
122,10297,10297,FRPE,9.5,7.7,26.2,,,,,,,,,,,,1.3,DS,19.5,17.7
122,10299,10299,FRPE,6.4,6.3,28.2,,,,,,,,,,,,1.3,DS;IR,16.4,16.3
123,10008,10008,FRPE,4.6,0.6,23.1,,,,,,,,,,,,1.3,DS,14.6,20.6
123,10009,10009,FRPE,0.5,3.5,27.4,,,,,,,,,,,,1.3,DS,10.5,23.5
126,10033,10033,FRPE,8.9,1.2,20,,,,,,,,,,,,1.3,DS;XY,18.9,51.2
132,10206,10206,FRPE,1.3,2.4,17.9,,,,,,,,,,,,1.3,DS,21.3,12.4
132,10208,10208,FRPE,7,3.3,11.1,,,,,,,,,,,,1.3,DS,27,13.3
132,10209,10209,FRPE,5.7,5.8,19,,,,,,,,,,,,1.3,DS;RS,25.7,15.8
133,11177,11177,FRPE,0.7,3.4,28.3,,,,,,,,,,,,1.3,DS;V50,20.7,23.4
133,11181,11181,FRPE,3.9,3.2,25.2,,,,,,,,,,,,1.3,DS,23.9,23.2
134,10215,10215,FRPE,5.7,1.6,36,,,,,,,,,,,,1.3,DS;XY,25.7,31.6
134,10218,10218,FRPE,3.7,9.9,25.8,,,,,,,,,,,,1.3,DS,23.7,39.9
135,10219,10219,FRPE,7.4,2.2,35.8,,,,,,,,,,,,1.3,DS,27.4,42.2
135,10223,10223,QUPA2,3.2,9.9,15.5,,,,,,,,,,,,1.32,LI;A;I;R;X;M;MT;V50,23.2,49.9
141,10302,10302,UNKN,4.7,3.8,38.3,,,,,,,,,,,,1.3,DS;X,34.7,3.8
141,10304,10304,PITA,3.1,1.5,40,,,,,,,,,,,,1.3,DS;IR;X,33.1,1.5
142,10315,10315,FRPE,2.7,9.2,28.7,,,,,,,,,,,,1.3,DS;RS,32.7,19.2
143,10316,10316,FRPE,2.2,0.3,25.8,,,,,,,,,,,,1.3,DS,32.2,20.3
143,10320,10320,FRPE,6.9,8.9,12.4,,,,,,,,,,,,1.3,DS,36.9,28.9
144,10324,10324,QUPA2,9.8,3.1,25.8,,,,,,,,,,,,1.3,DS,39.8,33.1
147,10351,10351,FRPE,9.2,9.5,11.7,,,,,,,,,,,,1.3,DS,39.2,69.5
147,10359,10359,FRPE,2.8,1.3,18,,,,,,,,,,,,1.3,DS,32.8,61.3
148,10360,10360,FRPE,10,4.5,17.7,,,,,,,,,,,,1.3,DS;MT;IR,40,74.5
151,10408,10408,UNKN,5.6,1.7,29,,,,,,,,,,,,1.3,DS;X,45.6,1.7
154,10433,10433,LIST2,2.5,0.3,31,,,,,,,,,,,,1.3,DS;X,42.5,30.3
154,10435,10435,FRPE,6.5,0.5,15.6,,,,,,,,,,,,1.3,DS,46.5,30.5
154,10439,10439,FRPE,1.3,5.5,38.9,,,,,,,,,,,,1.3,DS,41.3,35.5
154,10442,10442,FRPE,7.8,5.8,18,,,,,,,,,,,,1.3,DS,47.8,35.8
164,10622,10622,FRPE,9.8,6.1,22.7,,,,,,,,,,,,1.3,DS,59.8,36.1
164,10623,10623,FRPE,8.2,7.9,36.5,,,,,,,,,,,,1.3,DS;X,58.2,37.9
166,10638,10638,FRPE,1.7,8.6,20.7,,,,,,,,,,,,1.3,DS,51.7,58.6
166,10639,10639,FRPE,1,9.1,13.8,,,,,,,,,,,,1.3,DS,51,59.1
167,10642,10642,LITU,4.7,1,24,,,,,,,,,,,,1.3,DS;X,54.7,61
167,10643,10643,FRPE,2.3,9.7,28.2,,,,,,,,,,,,1.3,DS,52.3,69.7
168,10644,10644,FRPE,4.4,1,29.6,,,,,,,,,,,,1.3,DS;X,54.4,71
173,10558,10558,NYSY,0.4,7.7,11.5,,,,,,,,,,,,1.3,DS,60.4,27.7
173,10560,10560,NYSY,5.1,9.6,17.1,,,,,,,,,,,,1.3,DS;L,65.1,29.6
174,10567,10567,FRPE,3,9.8,42.3,,,,,,,,,,,,1.3,DS;X,63,39.8
175,10569,10569,FRPE,8,1.7,21.8,,,,,,,,,,,,1.3,DS;CWD,68,41.7
175,10572,10572,UNKN,1.9,7.6,35.3,,,,,,,,,,,,1.3,DS,61.9,47.6
177,10576,10576,FRPE,3.1,2.5,21.7,,,,,,,,,,,,1.26,DS;A,63.1,62.5
179,10585,10585,UNKN,3.4,2.4,36.9,,,,,,,,,,,,1.3,DS;X;XY,63.4,82.4
181,10728,10728,QUFA,5.8,6.4,70.5,,,,,,,,,,,,1.3,DS;X,75.8,6.4
184,11014,11014,UNKN,6.4,2.4,30.9,,,,,,,,,,,,1.3,DS;X,76.4,32.4
184,11019,11019,FAGR,9.4,5.6,14.1,,,,,,,,,,,,1.3,DS,79.4,35.6
185,11031,11031,FRPE,3,4.4,25.4,,,,,,,,,,,,1.3,DS;L,73,44.4
185,11034,11034,FRPE,4.9,6.7,34.4,,,,,,,,,,,,1.3,DS,74.9,46.7
185,11037,11037,FRPE,6.7,8,17,,,,,,,,,,,,1.3,DS,76.7,48
186,11046,11046,FRPE,6.9,9.5,38.2,,,,,,,,,,,,1.3,DS,76.9,59.5
195,10880,10880,FRPE,0.5,1,53.2,,,,,,,,,,,,1.3,DS,80.5,41
195,10889,10889,FRPE,8.2,6.8,24.4,,,,,,,,,,,,1.3,DS,88.2,46.8
196,10898,10898,FRPE,8.3,2.5,22.7,,,,,,,,,,,,1.3,DS,88.3,52.5
196,11208,11208,FRPE,8.7,8,12.1,,,,,,,,,,,,1.3,DS,88.7,58
197,11209,11209,FRPE,2.7,1.7,48.6,,,,,,,,,,,,1.28,DS,82.7,61.7
197,11211,11211,FRPE,2.5,2,22.5,,,,,,,,,,,,1.3,DS;X,82.5,62
197,11212,11212,FRPE,5.4,2.4,46.1,,,,,,,,,,,,1.3,DS,85.4,62.4
197,11214,11214,FRPE,5.1,5.8,13.9,,,,,,,,,,,,1.32,DS;X;A;IR,85.1,65.8
198,11061,11061,FRPE,0.4,4.9,12.2,,,,,,,,,,,,1.3,DS;G;XY,80.4,74.9
231,20313,20313,COFL2,9.8,5.8,10.3,,,,,,,,,,,,1.3,DS;L,29.8,105.8
231,20314,20314,COFL2,10,8.6,10.5,,,,,,,,,,,,1.3,DS,30,108.6
237,20354,20354,QUAL,1.4,3.2,58.6,,,,,,,,,,,,1.3,DS;X,21.4,163.2
241,21527,21527,FAGR,8.2,5.7,11.6,,,,,,,,,,,,1.3,DS,38.2,105.7
244,21541,21541,QURU,0.4,4.7,38.8,,,,,,,,,,,,1.3,DS,30.4,134.7
245,20277,20277,CAGL8,4.6,8.2,10.6,,,,,,,,,,,,1.3,DC,34.6,148.2
246,20288,20288,JUVI,1.1,8.3,23.9,,,,,,,,,,,,1.3,DC;MT,31.1,158.3
262,20708,20708,CARYA,3.9,1.8,36.6,,,,,,,,,,,,1.3,DS;X,53.9,111.8
295,20980,20980,LIST2,8.2,9.4,22.4,,,,,,,,,,,,1.3,DS;L;Q,88.2,149.39999
296,20994,20994,QUVE,9.7,6.1,65.1,,,,,,,,,,,,1.3,DS,89.7,156.10001
321,30103,30103,CACA18,8.4,2.5,12.2,,,,,,,,,,,,1.3,DS;X,18.4,202.5
325,30145,30145,UNKN,1.5,4.6,25.8,,,,,,,,,,,,1.3,DS;L,11.5,244.60001
325,30154,30154,LITU,9,8.5,19.2,,,,,,,,,,,,1.3,DS;Q,19,248.5
331,30202,30202,FRAM2,2.2,1.4,33.8,,,,,,,,,,,,1.3,DS,22.2,201.39999
333,30225,30225,FRPE,6.1,9.1,30.3,,,,,,,,,,,,1.3,DS,26.1,229.10001
333,30227,30227,FRAM2,3.2,7.1,40.3,Snag,A,,1,,23,,40.1,,,,1.3,DS,23.2,227.10001
337,30264,30264,QUFA,6.4,1.8,96.6,,,,,,,,,,,,1.3,DS,26.4,261.79999
338,30279,30279,QUAL,3,1.5,17.4,,,,,,,,,,,,1.3,DS,23,271.5
338,30281,30281,FRAM2,8.8,7.3,28.5,Snag,A,,1,,3,,28.6,,,,1.3,DS,28.8,277.29999
338,30281,30281,FRAM2,8.8,7.3,28.5,Log,B,,1,,,21.7,25.6,8.2,,,,,,
343,30340,30340,ACRU,8.2,0.3,25.9,,,,,,,,,,,,1.3,DS,38.2,220.3
347,30914,30914,FRAM2,6.9,8.5,37.2,Snag,A,,1,,25,,37.3,,,,1.3,DS,36.9,268.5
351,30438,30438,LIST2,7,7,11.6,,,,,,,,,,,,1.3,DS;X,47,207
361,30624,30624,LIST2,3.9,2.2,29.7,,,,,,,,,,,,1.3,DS,53.9,202.2
366,30757,30757,QURU,7.8,8.2,31.7,Snag,,,3,,19.5,,31.5,,,,1.3,DS,57.8,258.20001
371,30528,30528,FAGR,2.7,4.4,37.9,,,,,,,,,,,,1.3,DS;X,62.7,204.39999
385,31265,31265,COFL2,7.5,5.6,11.2,Log,,,2,,,3.1,11.2,8.9,,,1.3,DS;L,77.5,245.60001
389,31340,31340,CATO6,2.3,9.4,15.3,,,,,,,,,,,,1.3,DC,72.3,289.39999
393,31065,31066,CAGL8,8.8,6.7,10.7,,,,,,,,,,,,1.3,DS,88.8,226.7
394,31089,31089,LIST2,0.7,9.2,16.2,,,,,,,,,,,,1.3,DS;Q,80.7,239.2
395,31504,31504,COFL2,5.6,6.4,10.1,,,,,,,,,,,,1.3,DC,85.6,246.39999
418,40539,40539,QUAL,2.7,6.8,10.6,,,,,,,,,,,,1.3,DS,2.7,376.79999
421,40109,40109,QUFA,5.7,4.8,49.4,Log,,,2,G,,4.2,42.1,25.6,,SE,1.3,DC,15.7,304.79999
425,40180,40180,QUFA,8.9,3.7,46.4,,,,,,,,,,,,1.3,DS,18.9,343.70001
426,40327,40327,UNKN,9.2,3.7,13.3,,,,,,,,,,,,1.3,DC,19.2,353.70001
428,40391,40391,ACRU,0.8,4.5,16.8,,,,,,,,,,,,1.3,DS;X,10.8,374.5
429,40617,40617,CACA18,2.1,6.7,10.2,Snag,A,F,4,,2,,9.8,,,,1.3,DS,12.1,386.70001
429,40617,40617,CACA18,,,,Log,B,F,4,G,,6,7.6,1.3,,N,,,,
429,40617,40617,CACA18,,,,Log,C,F,4,G,,6.6,6.7,1.6,,N,,,,
429,40626,40626,PIVI2,3.6,9,19,,,,,,,,,,,,1.3,DC,13.6,389
443,40772,40772,FAGR,6.8,9.8,66.3,,,,,,,,,,,,1.3,DS,36.8,329.79999
456,40970,40970,LITU,3.2,7.7,31.3,,,,,,,,,,,,1.3,DS;RS,43.2,357.70001
457,40983,40983,CATO6,3.6,4.2,23.9,Log,A,,2,,,4.9,22.5,2.4,,SW,1.3,DS;R,43.6,364.20001
458,41308,41308,ACRU,8.5,7.1,20.8,,,,,,,,,,,,1.3,DS;Q;IR,48.5,377.10001
459,41316,41316,COFL2,1.2,3.7,14.4,,,,,,,,,,,,1.3,DS;IR,41.2,383.70001
461,40857,40857,FAGR,1.9,9.9,16.3,,,,,,,,,,,,1.32,DS;Q,51.9,309.89999
462,40858,40858,CATO6,4.3,1.3,18.3,,,,,,,,,,,,1.32,DS;Q,54.3,311.29999
463,40866,40866,FAGR,5.4,5.1,49.8,,,,,,,,,,,,1.2,DS;Q;MT;IR,55.4,325.10001
465,41106,41106,UNKN,8,7.9,22.2,,,,,,,,,,,,1.3,DS;Q,58,347.89999
468,41133,41133,QUAL,6.4,2.4,69.4,,,,,,,,,,,,1.3,DS;Q;MT,56.4,372.39999
468,41135,41135,LITU,2.7,4,45,,,,,,,,,,,,1.3,DC;MT,52.7,374
482,41629,41629,CAGL8,1,3.7,21.8,,,,,,,,,,,,1.3,DS;MT,71,313.70001
485,41675,41675,FAGR,1.5,8.6,22.6,Snag,A,,2,,6.4,,22.5,,,,1.3,DS,71.5,348.60001
488,41915,41915,FRAM2,8.7,7.4,42.9,Snag,A,,1,,,,43,,,,1.3,DS,78.7,377.39999
489,41922,41922,LIST2,5.6,2.4,14.3,,,,,,,,,,,,1.3,DS;Q,75.6,382.39999
512,50019,50019,QUVE,0.5,9.2,60.6,,,,,,,,,,,,1.3,DS,100.5,19.2
515,50182,50182,FRPE,1.2,3.4,40.7,,,,,,,,,,,,1.3,DS,101.2,43.4
515,50197,50197,FRPE,1,8.5,26,,,,,,,,,,,,1.3,DS,101,48.5
515,50198,50198,FRPE,0.3,7.5,55.3,,,,,,,,,,,,1.3,DS,100.3,47.5
515,50199,50199,FRPE,5.6,9.8,16.2,,,,,,,,,,,,1.3,DS,105.6,49.8
516,50200,50200,FRPE,8,0.6,35.9,,,,,,,,,,,,1.3,DS;X,108,50.6
516,50200,50501,FRPE,7.9,1,25.3,,,,,,,,,,,,1.3,DS;X,107.9,51
516,50502,50502,FRPE,3.7,2.4,50,,,,,,,,,,,,1.3,DS,103.7,52.4
516,50504,50504,FRPE,8.8,9.1,23.4,,,,,,,,,,,,1.3,DS,108.8,59.1
516,50505,50505,FRPE,9.4,9.1,11.1,,,,,,,,,,,,1.3,DS,109.4,59.1
517,50506,50506,FRPE,5.1,0.6,30.9,,,,,,,,,,,,1.3,DS,105.1,60.6
517,50507,50507,FRPE,1.9,1.9,40.7,,,,,,,,,,,,1.3,DS,101.9,61.9
517,50510,50510,FRPE,7.8,3.2,37.8,,,,,,,,,,,,1.3,DS,107.8,63.2
517,50511,50511,FRPE,3.1,8.3,32.6,,,,,,,,,,,,1.3,DS,103.1,68.3
518,50522,50522,FRPE,9.4,6.1,29.7,,,,,,,,,,,,1.3,DS,109.4,76.1
518,50525,50525,FRPE,6.7,4.3,12.6,,,,,,,,,,,,1.3,DS,106.7,74.3
525,50354,50354,FRPE,4.2,3.7,34,,,,,,,,,,,,1.3,DS;X,114.2,43.7
525,50356,50356,FRPE,0.5,1.4,22,,,,,,,,,,,,1.3,DS;Q,110.5,41.4
525,50360,50360,FRPE,0.8,1.8,37.8,,,,,,,,,,,,1.3,DS;X,110.8,41.8
525,50376,50376,FRPE,5,9.7,50.8,,,,,,,,,,,,1.3,DS,115,49.7
525,50377,50377,LITU,4.6,8.7,37.2,,,,,,,,,,,,1.3,DS,114.6,48.7
526,50393,50393,FRPE,2.4,3.5,38.8,,,,,,,,,,,,1.3,DS,112.4,53.5
526,50396,50396,FRPE,8.9,4.6,22.8,,,,,,,,,,,,1.3,DS,118.9,54.6
526,50397,50397,FRPE,8.1,9.3,39.2,,,,,,,,,,,,1.3,DS,118.1,59.3
527,50400,50400,FRPE,5.5,1,20.9,,,,,,,,,,,,1.3,DS,115.5,61
527,50603,50603,FRPE,9.5,0.2,16.9,,,,,,,,,,,,1.3,DS,119.5,60.2
527,50604,50604,FRPE,3.1,7.8,52.5,,,,,,,,,,,,1.3,DS,113.1,67.8
535,50069,50069,FRPE,8,3.1,26.2,,,,,,,,,,,,1.3,DS;CWD,128,43.1
535,50074,50074,FRPE,3.3,3.7,14.3,,,,,,,,,,,,1.3,DS;I,123.3,43.7
536,50089,50089,FRPE,1.3,2.3,25.5,,,,,,,,,,,,1.3,DS;X,121.3,52.3
536,50094,50094,FRPE,9.5,4.9,28,,,,,,,,,,,,1.3,DS,129.5,54.9
536,50099,50099,FRPE,7,9,55.9,,,,,,,,,,,,1.3,DS,127,59
544,50632,50632,FRPE,2.1,7.3,21.6,,,,,,,,,,,,1.3,DS;X;CWD,132.10001,37.3
545,50648,50648,FRPE,3,5.4,41,,,,,,,,,,,,1.3,DS,133,45.4
547,50665,50665,FRPE,4.4,0.2,18.7,,,,,,,,,,,,1.3,DS,134.39999,60.2
547,50671,50671,FRPE,6.3,3.6,16.5,,,,,,,,,,,,1.3,DS,136.3,63.6
554,50543,50543,FRPE,4.3,5.3,32,,,,,,,,,,,,1.3,DS,144.3,35.3
555,50436,50436,FRPE,5.2,9.5,18.8,,,,,,,,,,,,1.3,DS,145.2,49.5
555,50574,50574,FRPE,6.6,2,25,,,,,,,,,,,,1.3,DS,146.60001,42
555,50693,50693,FRPE,8.9,6.7,22.4,,,,,,,,,,,,1.3,DS,148.89999,46.7
556,50443,50442,FRPE,5.3,8.2,11.5,,,,,,,,,,,,1.3,DS;X;L,145.3,58.2
558,53505,53505,LIST2,2.1,5.2,17.6,,,,,,,,,,,,1.3,DS;X;MT;L,142.10001,75.2
564,53748,53748,FRPE,7.8,7.3,13.4,,,,,,,,,,,,1.3,DS,157.8,37.3
574,50857,50857,FRPE,0.5,9.3,10.1,,,,,,,,,,,,1.3,DS,160.5,39.3
575,50884,50884,FRPE,0.7,4.7,35.7,,,,,,,,,,,,1.3,DS,160.7,44.7
576,50775,50775,FRPE,9.7,4.7,45.9,,,,,,,,,,,,1.3,DS,169.7,54.7
577,50774,50774,FRPE,4.9,3.8,40.7,,,,,,,,,,,,1.3,DS,164.89999,63.8
585,51065,51065,FRPE,6.4,7.1,42,,,,,,,,,,,,1.3,DS,176.39999,47.1
586,51379,51379,FRPE,5.2,0.2,43,,,,,,,,,,,,1.3,DS;X,175.2,50.2
592,51238,51238,LITU,8.7,8.2,29.1,,,,,,,,,,,,1.3,DS;IR,188.7,18.2
595,53884,53884,FRAM2,8.3,8.1,70.2,,,,,,,,,,,,1.3,DS,188.3,48.1
596,51094,51094,FRAM2,9.7,8.9,43.2,,,,,,,,,,,,1.3,DS,189.7,58.9
597,53808,53808,FRAM2,8,1.4,17.6,,,,,,,,,,,,1.3,DS;IR;X,188,61.4
597,53809,53809,FRAM2,7.8,2.4,25.2,,,,,,,,,,,,1.32,DS;A,187.8,62.4
597,53811,53811,FRAM2,6.6,2,18.3,,,,,,,,,,,,1.3,DS,186.60001,62
597,53813,53813,FRAM2,7.5,0.9,29.4,,,,,,,,,,,,1.3,DS,187.5,60.9
597,53830,53831,LIST2,9.6,8.7,21,,,,,,,,,,,,1.3,DS;Q,189.60001,68.7
599,51003,51003,FRPE,0.5,4,30.8,,,,,,,,,,,,1.3,DS,180.5,84
623,60116,60116,LIST2,2.1,1.5,24.5,,,,,,,,,,,,1.3,DS,112.1,121.5
624,60140,60140,COFL2,8.1,0.8,10.7,,,,,,,,,,,,1.3,DS,118.1,130.8
628,60199,60199,LITU,3.5,3.5,24.3,,,,,,,,,,,,1.3,DS,113.5,173.5
633,60427,60427,QUFA,1,1.8,104.7,,,,,,,,,,,,1.3,DS,121,121.8
646,60608,60608,FRAM2,1.4,9.5,22.7,,,,,,,,,,,,1.3,DS;X,131.39999,159.5
648,60622,60622,COFL2,0.8,3.1,11.5,,,,,,,,,,,,1.3,DC,130.8,173.10001
655,60747,60747,QUFA,5.4,4.9,36,,,,,,,,,,,,1.3,DS;MT;X,145.39999,144.89999
655,60750,60750,QUFA,6.5,8.5,50.4,,,,,,,,,,,,1.3,DS;X,146.5,148.5
716,70413,70413,LIST2,7.1,7.4,25.8,,,,,,,,,,,,1.3,DS;Q,107.1,257.39999
746,70685,70685,LIST2,6.4,6.4,32.2,,,,,,,,,,,,1.3,DS,136.39999,256.39999
775,71065,71065,LITU,3.6,1.1,40.6,,,,,,,,,,,,1.3,DS,163.60001,241.10001
789,71313,71313,QUAL,6.1,7.5,35,,,,,,,,,,,,1.3,DC,176.10001,287.5
819,80339,80339,LIST2,0.9,9,57.9,,,,,,,,,,,,1.3,DS;Q,100.9,389
837,80436,80436,FAGR,5.2,2.3,108.6,,,,,,,,,,,,1.3,DS;X,125.2,362.29999
841,80360,80360,CATO6,7.8,2.5,15.5,,,,,,,,,,,,1.3,DS,137.8,302.5
865,80741,80741,LITU,7.9,2,19.2,,,,,,,,,,,,1.3,DS;RS,157.89999,342
884,81053,81053,LITU,6.9,9.7,20,,,,,,,,,,,,1.3,DS;MT,176.89999,339.70001
896,81292,81292,LIST2,5,1.8,32.1,,,,,,,,,,,,1.3,DS;IR;Q,185,351.79999
898,81312,81312,QUVE,1.2,2.1,47.8,,,,,,,,,,,,1.3,DC;MT,181.2,372.10001
911,92271,92271,LITU,3.9,0.1,13.6,,,,,,,,,,,,1.3,DS,203.89999,0.1
912,92297,92297,LITU,2.6,1.7,32.1,,,,,,,,,,,,1.3,DS;X,202.60001,11.7
917,92554,92554,FRPE,6.6,6,48.4,,,,,,,,,,,,1.3,DS,206.60001,66
917,92560,92560,FRPE,8.1,6.6,21.8,,,,,,,,,,,,1.3,DS,208.10001,66.6
919,92780,92780,FRPE,2.1,7,35.8,,,,,,,,,,,,1.3,DS,202.10001,87
926,91828,91828,ACRU,5,2.3,14.8,,,,,,,,,,,,1.3,DS;X,215,52.3
926,91854,91854,FRPE,4.7,8.1,78.1,,,,,,,,,,,,1.3,DS,214.7,58.1
927,91865,91865,FRPE,10,7.4,12.7,,,,,,,,,,,,1.3,DS;L;CWD;X,220,67.4
927,91891,91891,FRPE,1.2,8.2,35.6,,,,,,,,,,,,1.3,DS,211.2,68.2
927,91896,91896,FRPE,5.1,9.1,54,,,,,,,,,,,,1.3,DS,215.10001,69.1
928,92615,92615,FRPE,4.7,2.3,16.5,,,,,,,,,,,,1.3,DS;X,214.7,72.3
928,92662,92662,FRPE,8.6,9.6,50.4,,,,,,,,,,,,1.3,DS;X,218.60001,79.6
934,91385,91385,ULRU,7.3,6.8,10.1,,,,,,,,,,,,1.3,DS;X,227.3,36.8
938,90898,90898,FRPE,5.5,8.9,61.2,,,,,,,,,,,,1.3,DS,225.5,78.9
939,90983,90983,FRPE,1.6,1.9,22.6,,,,,,,,,,,,1.3,DS;L,221.60001,81.9
939,90994,90994,FRPE,7.7,3.3,52,,,,,,,,,,,,1.3,DS;X,227.7,83.3
948,92173,92173,FRPE,2.2,2.7,39.1,,,,,,,,,,,,1.3,DS,232.2,72.7
949,91915,91915,FRPE,2.2,1,63.4,,,,,,,,,,,,1.3,DS,232.2,81
949,91943,91943,FRPE,6.8,5.4,58.9,,,,,,,,,,,,1.3,DS,236.8,85.4
951,90847,90847,LIST2,1.9,9.7,23.1,,,,,,,,,,,,1.3,DS;X,241.89999,9.7
951,90851,90851,LIST2,6.3,9,12.3,,,,,,,,,,,,1.3,DS;X,246.3,9
958,92498,92498,TORA2,0.5,4.6,15.2,,,,,,,,,,,,1.36,DS;A,240.5,74.6
958,92499,92499,FRPE,0.5,4.6,107.3,,,,,,,,,,,,1.3,DS,240.5,74.6
968,91458,91458,FRPE,2.7,8.7,66.3,,,,,,,,,,,,1.3,DS,252.7,78.7
969,91463,91463,FRPE,1.6,3,77.1,,,,,,,,,,,,1.3,DS,251.60001,83
973,90692,90692,ULRU,0.4,5,15.4,,,,,,,,,,,,1.3,DS,260.39999,25
978,91004,91004,FRPE,3.8,2.9,54.1,,,,,,,,,,,,1.3,DS,263.79999,72.9
978,91015,91015,FRPE,3,8.5,50.3,,,,,,,,,,,,1.3,DS,263,78.5
979,91024,91024,FRPE,4.3,3.3,29.5,,,,,,,,,,,,1.3,DS,264.29999,83.3
979,91025,91025,FRPE,1,4.3,10,,,,,,,,,,,,1.3,DS,261,84.3
979,91026,91026,FRPE,9,4.3,29.8,,,,,,,,,,,,1.3,DS;X;L;IR,269,84.3
979,91037,91037,FRPE,6.8,7,19.3,,,,,,,,,,,,1.3,DS,266.79999,87
982,90218,90218,LIST2,6.1,4.2,28.2,,,,,,,,,,,,1.3,DS,276.10001,14.2
987,90477,90477,FRPE,1,9.8,51.9,,,,,,,,,,,,1.3,DS,271,69.8
989,90299,90299,FRPE,9.7,9.4,34.7,,,,,,,,,,,,1.38,DS;A,279.70001,89.4
989,90839,90839,FRPE,1.7,6,73.2,,,,,,,,,,,,1.3,DS,271.70001,86
989,90842,90842,FRPE,1.4,3.1,44.7,,,,,,,,,,,,1.3,DS,271.39999,83.1
993,90140,90140,PRSE2,4.9,6.5,24.2,,,,,,,,,,,,1.3,DS;MT,284.89999,26.5
1021,100104,100104,FRAM2,7.2,1.6,53.1,,,,,,,,,,,,1.3,DS,217.2,101.6
1021,100111,100111,LIST2,4.5,8.5,19.6,,,,,,,,,,,,1.3,DS,214.5,108.5
1031,100201,100201,FRAM2,2.8,4.2,43.4,,,,,,,,,,,,1.3,DS,222.8,104.2
1041,100432,100432,FRPE,5.7,2,55.9,,,,,,,,,,,,1.3,DS,235.7,102
1042,100453,100453,FRPE,6.8,1,58.2,,,,,,,,,,,,1.3,DS,236.8,111
1042,100462,100462,FRPE,1,1.7,44.3,,,,,,,,,,,,1.3,DS;L,231,111.7
1044,100500,100500,QUFA,5.3,5.3,59.8,,,,,,,,,,,,1.3,DS;MT,235.3,135.3
1046,100819,100819,LITU,2.3,3.2,50.5,,,,,,,,,,,,1.3,DS;Q;RS;CWD,232.3,153.2
1049,100856,100856,COFL2,0.1,3.8,10.9,,,,,,,,,,,,1.3,DS,230.10001,183.8
1052,100562,100562,FRPE,4.2,1,54.9,,,,,,,,,,,,1.3,DS;X,244.2,111
1056,100750,100750,CACA18,9.8,2.8,19.5,,,,,,,,,,,,1.3,DC,249.8,152.8
1061,100396,100396,FRAM2,4.6,2.3,58,,,,,,,,,,,,1.3,DS;L,254.60001,102.3
1062,100619,100619,FRAM2,4.6,4.5,34.4,,,,,,,,,,,,1.3,DS;X,254.60001,114.5
1071,100905,100905,FRAM2,9.3,2.8,54.2,,,,,,,,,,,,1.3,DS,269.29999,102.8
1071,100915,100915,FRPE,1,1.2,65.4,,,,,,,,,,,,1.3,DS,261,101.2
1072,100946,100946,FRPE,2.3,4.2,49.4,,,,,,,,,,,,1.3,DS,262.29999,114.2
1073,100987,100988,ACRU,2.6,4.2,15.9,,,,,,,,,,,,1.3,DS,262.60001,124.2
1073,100989,100989,FRPE,2.3,3.5,61.4,,,,,,,,,,,,1.3,DS,262.29999,123.5
1073,101212,101212,FRPE,5.6,6.9,41.7,,,,,,,,,,,,1.3,DS,265.60001,126.9
1074,101229,101229,FRPE,9.4,1.3,59.3,,,,,,,,,,,,1.3,DS,269.39999,131.3
1075,101295,101295,FRPE,4.3,5.8,62,,,,,,,,,,,,1.3,DS,264.29999,145.8
1081,100871,100871,FRPE,6.3,0.7,32.9,,,,,,,,,,,,1.3,DS,276.29999,100.7
1081,100871,100872,FRPE,6.3,1,31.3,,,,,,,,,,,,1.3,DS,276.29999,101
1081,100893,100893,FRPE,7.1,8.8,48.9,,,,,,,,,,,,1.3,DS,277.10001,108.8
1082,101127,101127,FRPE,3.2,9.4,69.7,,,,,,,,,,,,1.3,DS,273.20001,119.4
1083,101139,101139,FRPE,8.2,3.5,35.9,,,,,,,,,,,,1.3,DS,278.20001,123.5
1083,101144,101144,FRPE,8.2,5.3,70,,,,,,,,,,,,1.3,DS,278.20001,125.3
1091,101068,101068,FRPE,2.1,2,41.1,,,,,,,,,,,,1.3,DS,282.10001,102
1092,101081,101081,FRPE,2.2,1.7,16.4,,,,,,,,,,,,1.3,DS,282.20001,111.7
1092,101092,101092,FRPE,8.1,4.4,43.8,,,,,,,,,,,,1.3,DS,288.10001,114.4
1092,101310,101310,FRPE,7.9,7.9,24.5,,,,,,,,,,,,1.3,DS,287.89999,117.9
1095,101624,101624,FRPE,0.5,6.1,49.7,,,,,,,,,,,,1.3,DS,280.5,146.10001
1095,101710,101710,FRPE,4,2.5,47.9,,,,,,,,,,,,1.3,DS,284,142.5
1095,101720,101720,FRPE,1.3,7.3,55,,,,,,,,,,,,1.3,DS,281.29999,147.3
1095,101733,101733,FRPE,8,8.6,51.4,,,,,,,,,,,,1.3,DS,288,148.60001
1096,101750,101750,FRPE,8.7,5.6,31.2,,,,,,,,,,,,1.3,DS;Q,288.70001,155.60001
1105,10952,10952,FRPE,8.8,4.8,32.5,,,,,,,,,,,,1.3,DS,98.8,44.8
1105,10965,10965,FRPE,4.8,8,33.8,,,,,,,,,,,,1.3,DS;X,94.8,48
1105,10966,10966,FRPE,3.8,10,14.3,,,,,,,,,,,,1.3,DS,93.8,50
1106,10971,10971,FRPE,6,3.6,30.5,,,,,,,,,,,,1.3,DS,96,53.6
1106,10973,10973,LIST2,2.5,5.5,26.9,,,,,,,,,,,,1.3,DS;X;XY,92.5,55.5
1106,10978,10978,FRPE,0.3,7.8,39.8,,,,,,,,,,,,1.3,DS,90.3,57.8
1106,10981,10981,FRPE,6.2,9,13.7,,,,,,,,,,,,1.3,DS,96.2,59
1107,10982,10982,FRPE,3.7,5.1,20,,,,,,,,,,,,1.3,DS;IR,93.7,65.1
1107,10983,10983,FRPE,2.3,7,45,,,,,,,,,,,,1.3,DS,92.3,67
1107,10986,10986,FRPE,7.5,2.8,42.8,,,,,,,,,,,,1.3,DS,97.5,62.8
1107,10988,10988,FRPE,7.4,5.7,28.2,,,,,,,,,,,,1.3,DS,97.4,65.7
1108,10995,10995,FRPE,3.4,7,10.4,,,,,,,,,,,,1.3,DS,93.4,77
1108,10999,10999,FRPE,5.1,9.7,15.8,,,,,,,,,,,,1.3,DS,95.1,79.7
1139,110434,110434,LITU,0.7,0.4,72.3,,,,,,,,,,,,1.3,DS,220.7,280.39999
1139,110435,110435,LITU,0.7,2,38.8,,,,,,,,,,,,1.3,DS;L,220.7,282
1223,42339,42339,LIST2,3.1,3.6,22.1,Snag,A,,1,,10,,21.5,,,,1.3,DS,213.10001,323.60001
1254,42659,42658,CACA18,4.1,6.2,11,,,,,,,,,,,,1.32,DS;A,244.10001,336.20001
1258,42829,42829,CACA18,3.5,0.2,10.2,,,,,,,,,,,,1.16,DS;Q,243.5,370.20001
1268,42933,42933,CACA18,4.7,6.2,13.1,Snag,A,,3,,,,,1.95,,,1.3,DS;X,254.7,376.20001
1268,42933,42933,CACA18,4.7,6.2,13.1,Log,B,,3,,1,10,11.7,,,,,,,
1311,130938,130938,LIST2,9.7,1.3,15.8,,,,,,,,,,,,1.3,DS,309.70001,1.3
1312,130346,130346,LIST2,4.8,7.8,13,,,,,,,,,,,,1.32,DS,304.79999,17.8
1315,130131,130131,ULRU,7.2,3.2,72.7,,,,,,,,,,,,1.3,DS,307.20001,43.2
1317,130154,130154,ULRU,2.5,1.2,20,,,,,,,,,,,,1.3,DS,302.5,61.2
1321,130438,130438,ULRU,9,5.7,12.2,,,,,,,,,,,,1.3,DS,319,5.7
1321,130445,130445,LIST2,0.8,8.3,11.4,,,,,,,,,,,,1.3,DS;Q,310.79999,8.3
1323,130480,130480,ULRU,4.5,4,14,,,,,,,,,,,,1.3,DS,314.5,24
1332,130054,130054,LIST2,1.4,2.4,16.4,,,,,,,,,,,,1.3,DS;X,321.39999,12.4
1337,130293,130293,LIST2,1.7,6.4,23.4,,,,,,,,,,,,1.3,DS,321.70001,66.4
1341,130796,130796,ULRU,6.9,4.1,13.7,,,,,,,,,,,,1.3,DS;X,336.89999,4.1
1346,130551,130551,QURU,2.3,2.2,45.4,,,,,,,,,,,,1.3,DS;L,332.29999,52.2
1351,130975,130975,LIST2,4.9,4.5,10.2,Snag,A,,,,2,,10,,,,1.3,DS;Q,344.89999,4.5
1351,130975,130975,LIST2,4.9,4.5,10.2,Log,B,,,,,4.8,9,6,,,,,,
1363,131163,131163,LIST2,9.5,1.9,57.8,,,,,,,,,,,,1.3,DS,359.5,21.9
1371,131434,131434,AIAL,1.1,9.9,10.5,,,,,,,,,,,,1.3,DS,361.10001,9.9
1398,134046,134046,LITU,0.8,5.2,79.1,,,,,,,,,,,,1.3,DS;X,380.79999,75.2
1412,140114,140114,FRPE,2.1,9.5,48.9,,,,,,,,,,,,1.3,DS,302.10001,119.5
1413,140116,140116,ULRU,3.2,1.1,16.1,,,,,,,,,,,,1.3,DS,303.20001,121.1
1413,140121,140121,FRPE,10.1,3.6,31.3,,,,,,,,,,,,1.3,DS,310.10001,123.6
1413,140128,140128,FRPE,0.8,7.7,41.4,,,,,,,,,,,,1.3,DS,300.79999,127.7
1414,140132,140132,FRPE,2.3,2.6,28.9,,,,,,,,,,,,1.3,DS,302.29999,132.60001
1414,140148,140148,FRPE,3.4,7,56.4,,,,,,,,,,,,1.3,DS,303.39999,137
1415,140186,140186,PRSE2,0.8,7.4,14.7,,,,,,,,,,,,1.3,DS,300.79999,147.39999
1415,140193,140193,FRPE,2.2,9.5,69.4,,,,,,,,,,,,1.3,DS,302.20001,149.5
1416,140427,140427,ULRU,7.3,3.4,24.5,,,,,,,,,,,,1.3,DC,307.29999,153.39999
1418,140486,140486,FRPE,3.5,8.3,50,,,,,,,,,,,,1.3,DS,303.5,178.3
1423,140029,140029,FRPE,0.4,0.5,44.3,,,,,,,,,,,,1.3,DS,310.39999,120.5
1423,140032,140031,FRPE,2.8,1,12.6,,,,,,,,,,,,1.3,DS,312.79999,121
1423,140032,140032,FRPE,2.8,1,21.1,,,,,,,,,,,,1.3,DS,312.79999,121
1423,140035,140035,FRPE,6.4,7.2,59.8,,,,,,,,,,,,1.3,DS,316.39999,127.2
1423,140037,140037,FRPE,4.1,9,37.8,,,,,,,,,,,,1.3,DS,314.10001,129
1424,140045,140045,FRPE,1.5,5.2,23,,,,,,,,,,,,1.3,DC,311.5,135.2
1424,140048,140048,FRPE,4.1,7.2,21.8,,,,,,,,,,,,1.3,DS,314.10001,137.2
1425,140055,140055,ULRU,1.5,1.8,11.8,,,,,,,,,,,,1.3,DC;TC,311.5,141.8
1426,140076,140075,ACRU,10,0.2,27.5,,,,,,,,,,,,1.3,DS;X;Q,320,150.2
1426,140077,140077,FRPE,5.4,4.9,58.7,,,,,,,,,,,,1.3,DS,315.39999,154.89999
1426,140077,140078,FRPE,5.4,4.9,52,,,,,,,,,,,,1.3,DS;MT,315.39999,154.89999
1427,140097,140097,FRPE,4.5,2,49,,,,,,,,,,,,1.3,DS,314.5,162
1428,140342,140342,ULRU,9.3,3.6,21.7,,,,,,,,,,,,1.3,DS,319.29999,173.60001
1434,140246,140246,FRPE,2.8,0.6,26.5,,,,,,,,,,,,1.3,DS,322.79999,130.60001
1434,140247,140247,FRPE,2.5,3.6,26.5,,,,,,,,,,,,1.3,DS,322.5,133.60001
1435,140058,140058,FRPE,0,0.7,63.8,,,,,,,,,,,,1.3,DS,320,140.7
1436,140625,140625,PLOC,0.3,9.4,27.2,,,,,,,,,,,,1.3,DS;Q,320.29999,159.39999
1459,141322,141322,QUPA2,1.2,4.5,79.5,,,,,,,,,,,,1.3,DS;X,341.20001,184.5
1463,141585,141585,LIST2,4.5,7.1,28.9,,,,,,,,,,,,1.3,DS;X,354.5,127.1
1475,142738,142738,ULRU,0.2,9.2,14.2,,,,,,,,,,,,1.35,DS;X,360.20001,149.2
1484,142293,142293,UNKN,5.6,0.7,16,,,,,,,,,,,,1.3,DS;Q,375.60001,130.7
1486,142324,142324,LIST2,2.6,7.2,33.6,,,,,,,,,,,,1.3,DS;Q,372.60001,157.2
1497,142406,142406,LIST2,6.4,9.9,20.5,,,,,,,,,,,,1.3,DS,386.39999,169.89999
1498,142197,142197,LIST2,8.2,7.1,16.7,,,,,,,,,,,,1.3,DS;X;I,388.20001,177.10001
1498,142404,142404,COFL2,0.6,9.4,10.5,,,,,,,,,,,,1.32,DS,380.60001,179.39999
1516,153482,153482,ULRU,11.8,0.6,23.7,,,,,,,,,,,,1.3,DS,311.79999,250.60001
1517,151401,151401,ULAM,9.6,8.9,31,,,,,,,,,,,,1.3,DS;X,309.60001,268.89999
1518,151139,151139,ULAM,13.1,3.9,24.5,Snag,A,,2,,2,,24.5,,,,1.3,DS,313.10001,273.89999
1518,151139,151139,ULAM,13.1,3.9,,Log,B,,1,,,19.2,21.5,1.2,,,,,,
1527,153169,153169,ULRU,6.1,9.8,20.5,Log,A,,2,A,,15.1,20.2,5,,,1.3,DS,316.10001,269.79999
1529,152425,152425,FRPE,8.8,0.9,29.1,Snag,A,,1,,20,,28.8,,,,1.3,DS,318.79999,280.89999
1531,152643,152643,ULRU,0.3,5.5,37.4,,,,,,,,,,,,1.3,DS,320.29999,205.5
1532,152985,152985,FRAM2,3,8.1,18.2,Log,,,1,,,9.6,18,13.8,,,1.3,DC;MT,323,218.10001
1542,152576,152576,ULRU,1.7,9,19.6,Snag,A,,2,,7.5,,19.5,,,,1.3,DS;MT,331.70001,219
1544,152849,152849,QUPA2,5.4,6.1,94.3,Snag,A,,2,,35,,94.1,,,,1.3,DS,335.39999,236.10001
1553,150541,150541,ACRU,8.1,8.5,57,Log,A,,1,,,53.7,55.3,9.7,,,1.3,DC,348.10001,228.5
1557,151258,151258,ULRU,2.7,1,18,,,,,,,,,,,,1.3,DS;L,342.70001,261
1565,151785,151784,ACRU,6.3,9.1,37.3,Snag,A,,2,,2.3,,36.6,,,,1.3,DS;X;MA,356.29999,249.10001
1565,151785,151784,,,,,Log,B,,2,,,22,28.6,11.3,,,,,,
1566,151599,151599,ULRU,7.1,4.8,13.9,,,,,,,,,,,,1.3,DC,357.10001,254.8
1567,150704,150704,ULRU,9.9,6.4,12,,,,,,,,,,,,1.3,DS;X,359.89999,266.39999
1568,152937,152937,ULRU,3.7,8.9,19.3,,,,,,,,,,,,1.3,DS,353.70001,278.89999
1571,150094,150094,LIST2,4.2,0,18.6,Snag,A,,2,,3,,19,,,,1.3,DS,364.20001,200
1575,151020,151020,ACRU,8.7,3.8,39.2,,,,,,,,,,,,1.3,DS;Q,368.70001,243.8
1578,151072,151072,LITU,8.2,1.9,18,Snag,A,,2,,6.5,,17,,,,1.3,DS,368.20001,271.89999
1592,150202,150202,FAGR,3.5,3.5,55.4,,,,,,,,,,,,1.3,DS;L,383.5,213.5
1614,162074,162074,LIST2,8.7,7.1,79.1,,,,,,,,,,,,1.3,DS,308.70001,337.10001
1628,163151,163151,LITU,2.1,4.5,10,,,,,,,,,,,,1.3,DS;Q;RS,312.10001,374.5
1645,160800,160800,PLOC,1,4.7,50.7,,,,,,,,,,,,1.3,DS;X,331,344.70001
1652,160909,160909,LIST2,4.9,9.9,30.7,,,,,,,,,,,,1.3,DS;I;MT,344.89999,319.89999
1664,160500,160499,QUAL,4,4.5,29.5,,,,,,,,,,,,1.55,DS;A;X,354,334.5
1666,160599,160599,PRAV,3.3,9.7,13.7,,,,,,,,,,,,1.3,DS;X;L;IR,353.29999,359.70001
1669,162752,162752,PLOC,1.4,5.8,65,,,,,,,,,,,,1.3,DS;MT;Q,351.39999,385.79999
1671,160394,160394,QUAL,5.1,9.2,89.4,Snag,,,1,,40,,88.9,,,,1.3,DS;IR,365.10001,309.20001
1674,161427,161427,LITU,4.9,9.1,21,,,,,,,,,,,,1.3,DS;Q,364.89999,339.10001
1683,160230,160230,ACRU,1.9,1.3,10.9,,,,,,,,,,,,1.3,DS;L;XY,371.89999,321.29999
1683,160231,160231,LITU,2.7,2.4,15.8,,,,,,,,,,,,1.3,DS;X,372.70001,322.39999
1685,160517,160517,QUVE,2.3,10,71.3,,,,,,,,,,,,1.3,DS;X,372.29999,350
1693,160148,160148,PIVI2,9,1,19.9,Snag,A,,2,,15,,20,,,,1.3,DS,389,321
1693,160154,160154,PIVI2,3.8,3.7,24.3,Snag,A,,1,,16,,24.5,,,,1.3,DS,383.79999,323.70001
1693,162989,162989,PITA,0.3,2.4,22.3,Snag,A,,1,,16,,22.5,,,,1.3,DS,380.29999,322.39999
1698,160281,160281,QUAL,1.9,5.2,65.2,,,,,,,,,,,,1.3,DS;X,381.89999,375.20001
2710,21158,21158,LITU,1.4,9.2,43.9,,,,,,,,,,,,1.3,DS;L,61.4,199.2
3106,31496,31496,LIST2,4.4,5.7,35.1,,,,,,,,,,,,1.3,DC,94.4,255.7
3510,30887,30887,FRAM2,5.8,5.8,21.5,Snag,A,,2,,5.2,,21.5,,,,1.3,DS;XY,45.8,295.79999
3510,30887,30887,FRAM2,5.8,5.8,,Log,B,,1,,,17.5,18.3,2,,,,,,
3510,30887,30887,FRAM2,5.8,5.8,,Log,C,,1,,,18.3,19.1,0.82,,,,,,
3510,30887,30887,FRAM2,5.8,5.8,,Log,D,,1,,,12.7,17,8,,,,,,
4101,41481,41481,QURU,1.5,0.5,60.4,,,,,,,,,,,,1.3,DS,91.5,300.5
4105,41732,41732,QUAL,1.1,1.6,21.4,,,,,,,,,,,,1.3,DS,91.1,341.60001
4106,41756,41756,QUAL,1.8,3.2,24.2,,,,,,,,,,,,1.3,DS,91.8,353.20001
4110,40722,40722,PIVI2,1.1,9.9,19.9,,,,,,,,,,,,1.3,DC,1.1,399.89999
4210,40633,40633,PIVI2,1.3,1.6,19,,,,,,,,,,,,1.3,DS;X,11.3,391.60001
4310,40808,40808,COFL2,3.2,3.6,11.1,,,,,,,,,,,,1.3,DC,23.2,393.60001
4410,41292,41292,COFL2,0.5,2.8,10.2,,,,,,,,,,,,1.3,DS,30.5,392.79999
4810,41952,41952,ACRU,1.8,10,12,,,,,,,,,,,,1.3,DS;L,71.8,400
5104,51394,51394,COFL2,5.2,0.5,13,,,,,,,,,,,,1.3,DS;X,195.2,30.5
5105,53711,53711,FRPE,2.8,9.6,43.1,,,,,,,,,,,,1.3,DS;X,192.8,49.6
5105,53712,53712,FRPE,3.8,8.8,31.2,,,,,,,,,,,,1.3,DS,193.8,48.8
5106,53525,53525,FRPE,9.9,4.3,54.1,,,,,,,,,,,,1.3,DS;X,199.89999,54.3
5108,53661,53661,FRPE,0.5,8,40.5,,,,,,,,,,,,1.3,DS,190.5,78
5910,50750,50750,LIST2,5.5,4,19.8,,,,,,,,,,,,1.3,DS;X;MT,185.5,94
5910,50757,50757,FRPE,8.6,1.6,28,,,,,,,,,,,,1.3,DS,188.60001,91.6
5910,50759,50759,FAGR,8.9,7,12.9,,,,,,,,,,,,1.3,DS;X;MT,188.89999,97
6105,61427,61427,QUAL,4.8,3.9,50.2,,,,,,,,,,,,1.3,DS;X;MT,194.8,143.89999
7104,71652,71652,COFL2,5.4,5.4,11.8,,,,,,,,,,,,1.28,DS;L,195.39999,235.39999
9101,90001,90001,LIST2,6.8,0.5,14.2,,,,,,,,,,,,1.3,DS;X,296.79999,0.5
9101,90007,90007,LIST2,2.1,8.4,14.5,,,,,,,,,,,,1.3,DS;X,292.10001,8.4
9102,90023,90023,LIST2,8.2,2.3,14.7,,,,,,,,,,,,1.3,DS,298.20001,12.3
9105,90099,90099,LIST2,6.8,3.6,13,,,,,,,,,,,,1.3,DS;X,296.79999,43.6
9107,90519,90519,FRPE,2.8,6,37.5,,,,,,,,,,,,1.3,DS,292.79999,66
9109,90556,90556,ULRU,0.6,1.9,27.1,,,,,,,,,,,,1.3,DS,290.60001,81.9
9109,90557,90557,FRPE,3.2,0.2,35.9,,,,,,,,,,,,1.3,DS;RS,293.20001,80.2
9109,90575,90575,FRPE,7.1,9.1,79.6,,,,,,,,,,,,1.3,DS;IR;I,297.10001,89.1
9110,91692,91692,FRPE,3.5,8.9,27.9,,,,,,,,,,,,1.3,DS;MT,203.5,98.9
9410,92221,92221,FRPE,6.8,8.5,43.3,,,,,,,,,,,,1.3,DS,236.8,98.5
9510,92003,92003,FRPE,7.6,6.2,40.6,,,,,,,,,,,,1.3,DS,247.60001,96.2
9510,92450,92450,FRPE,3.7,5.3,51.4,,,,,,,,,,,,1.3,DS,243.7,95.3
9510,92460,92460,FRPE,3.1,2.6,24.2,,,,,,,,,,,,1.3,DS;SP,243.10001,92.6
9510,92468,92468,FRPE,0.3,2.9,69.4,,,,,,,,,,,,1.3,DS,240.3,92.9
9710,91058,91058,FRPE,4.1,2.6,51.9,,,,,,,,,,,,1.3,DS,264.10001,92.6
9710,91066,91066,FRPE,8.1,5.5,11.6,,,,,,,,,,,,1.3,DS,268.10001,95.5
9810,90867,90867,FRPE,0.2,7.5,22.1,,,,,,,,,,,,1.3,DS;X,270.20001,97.5
9910,90647,90647,FRPE,1.6,3.3,58.2,,,,,,,,,,,,1.3,DS,281.60001,93.3
9910,90648,90648,FRPE,0.3,8.8,18.2,,,,,,,,,,,,1.3,DS,280.29999,98.8
10101,102408,102408,FRPE,6.3,8,52.1,,,,,,,,,,,,1.3,DS,296.29999,108
10101,102415,102415,LIST2,8.4,9,38.8,,,,,,,,,,,,1.3,DS;MT,298.39999,109
10104,102337,102337,FRPE,3.5,8,75.8,,,,,,,,,,,,1.3,DS,293.5,138
10106,102126,102126,FRPE,1.4,10,40.5,,,,,,,,,,,,1.3,DS;X,291.39999,160
10106,102138,102138,FRPE,8.6,7.5,75.2,,,,,,,,,,,,1.3,DS,298.60001,157.5
10810,101495,101495,LIST2,2.7,1.5,16.6,,,,,,,,,,,,1.3,DS;IR,272.70001,191.5
11108,112167,112168,LIST2,1.8,8.8,28.1,Snag,,,4,,6.5,,27.5,,,,1.3,DS;I;X,291.79999,278.79999
13101,132429,132429,AIAL,5.7,6.1,26.7,,,,,,,,,,,,1.3,DS;X,395.70001,6.1
13101,132445,132445,AIAL,3.4,6.7,24.5,,,,,,,,,,,,1.31,DS,393.39999,6.7
13102,132472,132472,LITU,9.5,4.4,33.9,,,,,,,,,,,,1.3,DS;X,399.5,14.4
13107,132631,132631,PLOC,2.2,7.5,58.9,,,,,,,,,,,,1.3,DS,392.20001,67.5
13110,130896,130896,FRPE,5.8,9.1,48.9,,,,,,,,,,,,1.3,DS,305.79999,99.1
13910,133027,133028,PLOC,2.2,1.8,28.6,,,,,,,,,,,,1.3,DS,382.20001,91.8
14104,142020,142020,LITU,4.4,3.3,21,,,,,,,,,,,,1.3,DS,394.39999,133.3
14108,142524,142524,LIST2,2.8,7.1,26.6,,,,,,,,,,,,1.3,DS;X,392.79999,177.10001
14109,142544,142544,ULAM,4.2,9.6,17,,,,,,,,,,,,1.3,DS,394.20001,189.60001
14110,140835,140835,QUPA2,5.8,7.9,72.9,,,,,,,,,,,,1.3,DS,305.79999,197.89999
14210,140284,140283,ACRU,9,9,32.6,,,,,,,,,,,,1.36,DS,319,199
14310,140595,140595,ULRU,3.2,7.8,21.9,,,,,,,,,,,,1.3,DS,323.20001,197.8
14910,142379,142379,LITU,0.6,4,11.3,,,,,,,,,,,,1.3,DS;X,380.60001,194
14910,142388,142388,LITU,9.5,5.6,18.7,,,,,,,,,,,,1.3,DS,389.5,195.60001
15108,150265,150265,LIST2,6.8,6.1,34.3,,,,,,,,,,,,1.3,DC;R,396.79999,276.10001
15710,152518,152518,LITU,3.9,4.4,22.7,,,,,,,,,,,,1.32,DS;X;A,363.89999,294.39999
15910,150077,150077,UNKN,8.9,4.2,34.3,,,,,,,,,,,,1.3,DS,388.89999,294.20001
16109,162435,162435,UNKN,3.8,8.4,48.6,,,,,,,,,,,,1.3,DS;X,393.79999,388.39999
41010,42016,42016,FRAM2,5,5,45,Snag,A,,1,,6,,45,,,,1.3,DS,95,395
41010,42016,42016,FRAM2,5,5,,Log,B,,1,,,10.9,32,22.1,,,,,,
91010,90585,90585,FRPE,0.6,4.2,33.9,,,,,,,,,,,,1.3,DS,290.60001,94.2
121010,43741,43741,LIST2,7.5,1.9,36.3,,,,,,,,,,,,1.3,DS;MT,297.5,391.89999
141010,142560,142560,PIVI2,8.8,5.5,34,,,,,,,,,,,,1.3,DS,398.79999,195.5